Ward,Searches,Searches which got estimate,Searches for Quotes,Searches which got Quotes,Bookings,Completed Trips,Search-to-estimate Rate,Estimate-to-search for quotes Rate,Quote Acceptance Rate,Quote-to-booking Rate,Cancelled Bookings,Booking Cancellation Rate,Conversion Rate,Drivers' Earnings,Average Distance per Trip (km),Average Fare per Trip,Distance Travelled (km)
Other Wards,3071626,2712391,1890877,975708,954414,589585,0.883,0.697,0.516,0.978,364609,0.382,0.192,120007713,10.37,175.04,7190364
Shantala Nagar,2401161,2384599,2067653,856568,841607,474271,0.993,0.867,0.414,0.983,367010,0.436,0.198,71177412,7.48,138.74,3863534
Doddakanahalli,1727250,1711471,1456511,596480,587089,350792,0.991,0.851,0.409,0.984,236139,0.402,0.203,59211778,9.02,159.54,3354728
Agara,1226026,1214797,1043176,520539,508562,336728,0.991,0.859,0.499,0.977,171714,0.338,0.275,47568017,7.63,137.67,2633026
Koramangala,1169452,1158300,994218,528008,515062,334904,0.991,0.858,0.531,0.975,180001,0.349,0.286,44596808,6.97,128.74,2437405
Adugodi,1191234,1182173,1005962,536543,522711,313312,0.992,0.851,0.533,0.974,209053,0.4,0.263,43890701,7.02,131.45,2338615
Suddagunte Palya,1320628,1308932,1126624,542706,530825,296399,0.991,0.861,0.482,0.978,234284,0.441,0.224,39411590,7.11,129.98,2174999
Vasanth Nagar,962005,955421,795373,423856,416058,262534,0.993,0.832,0.533,0.982,153393,0.369,0.273,35920222,7.4,132.98,2032705
Bellanduru,1365703,1354563,1176030,447575,440185,257849,0.992,0.868,0.381,0.983,182240,0.414,0.189,44694374,9.17,160.63,2550817
Hoysala Nagar,703222,698197,586782,331654,326166,217110,0.993,0.84,0.565,0.983,108961,0.334,0.309,27898914,6.37,119.8,1504039
Byrasandra,624214,618914,500722,314383,308615,208058,0.992,0.809,0.628,0.982,100479,0.326,0.333,24700142,6.28,113.2,1372034
Old Thippasandra,633865,628921,541589,315579,310219,203512,0.992,0.861,0.583,0.983,106602,0.344,0.321,27716600,7.01,129.86,1493473
Marathahalli,1129332,1120935,942426,375796,369706,202837,0.993,0.841,0.399,0.984,166767,0.451,0.18,35748713,9.01,160.03,2011710
Domlur,703108,698041,602252,313868,308639,201305,0.993,0.863,0.521,0.983,107215,0.347,0.286,28037082,7.06,130.78,1507904
HRBR Layout,495908,493395,399052,284677,280474,194414,0.995,0.809,0.713,0.985,85982,0.307,0.392,24694375,6.66,120.75,1365275
Sampangiram Nagar,918287,911485,763612,361001,355542,188850,0.993,0.838,0.473,0.985,166584,0.469,0.206,28029607,7.69,137.83,1592800
Madivala,751268,742961,621190,322177,315216,187691,0.989,0.836,0.519,0.978,127466,0.404,0.25,23498153,6.69,123.51,1283390
Gandhinagar,583453,577642,409590,298294,292759,183335,0.99,0.709,0.728,0.981,109334,0.374,0.314,27800422,8.46,153.09,1574607
Aramane Nagara,546489,542221,416957,285980,279386,180884,0.992,0.769,0.686,0.977,98438,0.352,0.331,24979189,7.22,128.38,1425382
Jakkuru,629076,624824,485812,297748,291553,179670,0.993,0.778,0.613,0.979,111831,0.384,0.286,29913410,8.89,154.35,1743306
Vinayakanagar,564655,559717,461557,280715,275406,173474,0.991,0.825,0.608,0.981,101845,0.37,0.307,23202000,7.48,133.85,1292724
J P Nagar,526581,522247,423506,272513,266903,172802,0.992,0.811,0.643,0.979,93999,0.352,0.328,21453148,6.45,116.66,1186151
Whitefield,838663,831606,684364,286103,281317,170977,0.992,0.823,0.418,0.983,110293,0.392,0.204,29280129,8.52,151.14,1679399
Munnekollala,993367,983688,831207,302856,297146,166505,0.99,0.845,0.364,0.981,130590,0.44,0.168,29576393,9.04,159.13,1687327
Ejipura,595161,589132,496076,273619,268768,163779,0.99,0.842,0.552,0.982,104902,0.39,0.275,21092572,6.47,122.29,1148191
Jeevanbhima Nagar,658033,652625,563304,269919,264220,160433,0.992,0.863,0.479,0.979,103743,0.393,0.244,24369066,8.39,149.77,1367391
Kempapura,467690,464839,360926,240038,235067,150852,0.994,0.776,0.665,0.979,84173,0.358,0.323,22886452,8.28,145.63,1322285
HSR - Singasandra,633334,627352,520343,255679,250108,145339,0.991,0.829,0.491,0.978,104704,0.419,0.229,21487915,7.91,141.29,1209859
Shakambari Nagar,404779,401530,310798,215522,211098,143850,0.992,0.774,0.693,0.979,67203,0.318,0.355,16847054,6.29,114.15,935402
New Thippasandra,514162,509398,430195,216416,212511,141334,0.991,0.845,0.503,0.982,71126,0.335,0.275,20334402,7.57,135.66,1138133
Hudi,624101,619409,505072,241433,237996,139066,0.993,0.815,0.478,0.986,98878,0.415,0.223,24067402,8.59,152.37,1376861
Ulsoor,591305,586928,509987,234286,231034,137688,0.993,0.869,0.459,0.986,93291,0.404,0.233,19496628,7.28,132.34,1087433
Horamavu,474215,471298,373096,217363,213193,134402,0.994,0.792,0.583,0.981,78766,0.37,0.283,21419228,8.54,149.94,1243702
C V Raman Nagar,553745,549626,443121,223614,220398,133108,0.993,0.806,0.505,0.986,87237,0.396,0.24,18927535,7.35,132.29,1061714
BTM Layout,592216,586375,486876,231084,225865,131673,0.99,0.83,0.475,0.977,94148,0.417,0.222,17159245,6.85,126.39,944612
AECS Layout,676398,671200,554146,225651,222152,131372,0.992,0.826,0.407,0.984,90735,0.408,0.194,21664546,7.79,141.87,1221715
Banasavadi,399496,396889,320276,196872,193129,129571,0.994,0.807,0.615,0.981,63520,0.329,0.324,18119313,7.33,131.58,1027738
Hennur,415505,412861,318728,206331,202957,129335,0.994,0.772,0.647,0.984,73580,0.363,0.311,18050307,7.26,130.63,1026125
N S Palya,467723,462917,382404,202109,197602,128229,0.99,0.826,0.528,0.978,69328,0.351,0.274,16804588,7.29,131.77,932215
Dodda Nekkundi,607388,602318,496200,214444,210757,127586,0.992,0.824,0.432,0.983,83119,0.394,0.21,21582457,8.44,148.42,1235186
Jnana Bharathi,319314,316723,227074,186083,182666,125721,0.992,0.717,0.82,0.982,56904,0.311,0.394,16382506,7.13,124.87,947899
Sarakki,340594,337939,269400,193160,188967,125071,0.992,0.797,0.717,0.978,63821,0.338,0.367,14915086,6.07,111.14,813727
Subramanyapura,355850,352874,269420,186568,182249,124196,0.992,0.764,0.693,0.977,58020,0.318,0.349,17248916,7.97,139.95,998378
Pulikeshinagar,372621,370303,305602,186689,184193,122558,0.994,0.825,0.611,0.987,61553,0.334,0.329,14606750,5.85,110.85,795966
Kalkere,474310,471110,380594,195394,192404,121528,0.993,0.808,0.513,0.985,70832,0.368,0.256,19739152,8.75,154.38,1134101
Ibluru,529396,524454,451357,196173,192428,120717,0.991,0.861,0.435,0.981,71676,0.373,0.228,18702426,8.26,146.46,1052691
Kalena Agrahara,470987,465367,374447,189087,185254,120613,0.988,0.805,0.505,0.98,64607,0.349,0.256,20590403,9.98,172.89,1198826
Vishveshwara Puram,387229,384832,294439,190086,186643,120170,0.994,0.765,0.646,0.982,66426,0.356,0.31,14185350,6.65,120.04,795860
Rajarajeshwari Nagar,297997,295464,208838,174366,170354,119567,0.992,0.707,0.835,0.977,50761,0.298,0.401,17302405,7.97,137.66,1013757
Hulimavu,399563,395970,317072,186245,182318,119094,0.991,0.801,0.587,0.979,63188,0.347,0.298,17254752,7.91,141.18,979150
Mahadevapura,519993,516186,422924,197874,195067,116959,0.993,0.819,0.468,0.986,78061,0.4,0.225,18052185,7.57,137.16,1018123
Belathur,473171,468835,359181,189652,186679,115788,0.991,0.766,0.528,0.984,70818,0.379,0.245,19751448,8.71,153.6,1138460
Rupenaagrahara,468424,464133,386058,195007,190728,111611,0.991,0.832,0.505,0.978,79081,0.415,0.238,16717199,7.96,142.96,948513
Byatarayanapura,326788,324286,247453,172205,168796,110246,0.992,0.763,0.696,0.98,58518,0.347,0.337,17387578,8.48,148.43,1012272
Jogupalya,352576,349570,298481,165972,163111,108242,0.992,0.854,0.556,0.983,54840,0.336,0.307,13870184,6.39,118.33,764262
Hemmigepura,324225,318922,224149,161678,158827,106777,0.984,0.703,0.721,0.982,52002,0.327,0.329,15755609,8.48,146.23,924865
Babusab Palya,387542,384927,315006,171652,168721,105895,0.993,0.818,0.545,0.983,62790,0.372,0.273,15117374,7.23,131.09,854485
Kogilu,323620,320789,221308,164071,159915,104384,0.991,0.69,0.741,0.975,55521,0.347,0.323,20501848,11.34,190.25,1229470
Konena Agrahara,398931,395259,335826,162443,159894,102850,0.991,0.85,0.484,0.984,57016,0.357,0.258,15286571,8.17,146.2,859142
Konanakunte,288519,286472,217972,158009,154765,101021,0.993,0.761,0.725,0.979,53684,0.347,0.35,12839437,6.87,122.45,720459
Sunkenahalli,266613,264632,207272,151687,148854,100920,0.993,0.783,0.732,0.981,47886,0.322,0.379,12127955,6.41,114.38,686467
Kadu Malleshwara,234374,232026,177602,142192,139524,100728,0.99,0.765,0.801,0.981,38757,0.278,0.43,12911553,7.26,127.05,743775
Subhash Nagar,312008,308910,215494,163133,160185,96108,0.99,0.698,0.757,0.982,64030,0.4,0.308,15244495,8.63,153.3,865902
Radhakrishna Temple Ward,235760,234113,181242,142398,138698,94980,0.993,0.774,0.786,0.974,43684,0.315,0.403,13095032,7.4,130.61,749821
Amrutahalli,290243,288253,221378,144297,141512,90988,0.993,0.768,0.652,0.981,50503,0.357,0.314,14484899,8.49,149.11,840939
Nagapura,224785,222670,157606,134768,132094,90419,0.991,0.708,0.855,0.98,41635,0.315,0.402,11369271,6.8,120.42,647417
Lingarajapura,247617,246121,206967,134855,133228,89020,0.994,0.841,0.652,0.988,44176,0.332,0.359,11030167,6.22,115.48,611475
Devasandra,328961,326957,269416,153505,151453,88876,0.994,0.824,0.57,0.987,62507,0.413,0.27,14425616,7.7,139.96,793244
Arakere,297635,295178,236337,134482,131785,88063,0.992,0.801,0.569,0.98,43700,0.332,0.296,12750606,7.82,139.77,726830
Bilekhalli,341292,337884,279585,138524,135758,86611,0.99,0.827,0.495,0.98,49113,0.362,0.254,12355272,8.19,144.87,696746
Lal Bahadur Nagar,298439,296273,233434,130990,128841,85453,0.993,0.788,0.561,0.984,43354,0.337,0.286,11787280,7.19,129.9,663330
Hombegowda Nagara,297006,295059,242405,134879,132613,84882,0.993,0.822,0.556,0.983,47700,0.36,0.286,10291927,6.4,119.14,572545
Sanjaya Nagar,232325,230554,173003,126576,123907,84364,0.992,0.75,0.732,0.979,39515,0.319,0.363,11950621,7.31,130.66,690457
Jalakanteshwara Nagara,341355,338254,285154,127964,126460,84108,0.991,0.843,0.449,0.988,42323,0.335,0.246,12321916,8.16,146.14,690292
Subramanya Nagar,227183,224956,167526,134840,132053,84018,0.99,0.745,0.805,0.979,47975,0.363,0.37,11620465,7.33,130.39,658156
A Narayanapura,380520,378236,297503,150915,148604,83641,0.994,0.787,0.507,0.985,64929,0.437,0.22,12960687,7.84,144.2,724832
Dharmaraya Swamy Temple Ward,366440,364066,297903,156645,154173,81338,0.994,0.818,0.526,0.984,72800,0.472,0.222,11791632,8.25,144.28,677451
Ganesh Mandir ward,194825,193315,148871,117351,115021,81053,0.992,0.77,0.788,0.98,33945,0.295,0.416,9225801,6.34,114.06,518193
Maruthi Seva Nagar,242742,241202,199286,122196,120619,77966,0.994,0.826,0.613,0.987,42616,0.353,0.321,10465501,6.83,125.11,588080
Yediyur,217584,215964,173558,116380,114022,77289,0.993,0.804,0.671,0.98,36701,0.322,0.355,9336611,6.16,111.86,524159
RBI layout,238409,236384,191958,114847,112912,75034,0.992,0.812,0.598,0.983,37859,0.335,0.315,10308499,7.74,138.01,586125
Basavanagudi,186676,185269,141789,107661,105222,74855,0.993,0.765,0.759,0.977,30342,0.288,0.401,8739365,5.93,106.91,494307
Ashoka Pillar,240165,238394,193374,116459,114382,74768,0.993,0.811,0.602,0.982,39588,0.346,0.311,8892465,6.24,113.58,495915
Shanthi Nagar,295377,293117,250398,119619,117491,74214,0.992,0.854,0.478,0.982,43247,0.368,0.251,8832651,6.12,113.8,489106
Hebbala,210018,208859,160264,113237,111227,74191,0.995,0.767,0.707,0.982,37015,0.333,0.353,10451800,7.18,128.16,600960
Jakkasandra,293539,290421,234646,122559,120381,71542,0.989,0.808,0.522,0.982,48812,0.406,0.244,10009357,7.65,137.15,561808
Vasanthpura,197481,195766,146501,106645,104593,71270,0.991,0.748,0.728,0.981,33305,0.318,0.361,9166566,7.22,127.94,522826
Chatrapati Shivaji,246998,245430,168460,123534,121287,70969,0.994,0.686,0.733,0.982,50282,0.415,0.287,11852321,10.02,176.51,684706
Ganga Nagar,188574,187413,143991,105956,103887,70862,0.994,0.768,0.736,0.98,33000,0.318,0.376,9141119,6.67,120.88,517686
Veeramadakari,220637,219153,162699,111091,108624,70763,0.993,0.742,0.683,0.978,37831,0.348,0.321,9332952,7.09,125.9,537835
Kodigehalli,196145,194961,149308,107883,105725,70564,0.994,0.766,0.723,0.98,35140,0.332,0.36,10230486,7.6,133.63,593640
Chunchaghatta,217645,215880,168160,102629,100846,69785,0.992,0.779,0.61,0.983,31050,0.308,0.321,9809361,8.04,142.83,561909
Girinagar,151298,150124,109429,94526,92674,68559,0.992,0.729,0.864,0.98,24098,0.26,0.453,8120554,6.16,110.86,464514
Vidyaranyapura,162334,161161,115878,94688,92989,68434,0.993,0.719,0.817,0.982,24532,0.264,0.422,10260458,8.23,142.87,601776
Puttenahalli - Sarakki Lake,207078,205166,162436,105664,103627,68322,0.991,0.792,0.65,0.981,35287,0.341,0.33,8925759,6.89,124.26,502544
Vijnana Nagar,284810,282184,236325,102203,100939,67616,0.991,0.837,0.433,0.988,33306,0.33,0.237,10484765,8.31,148.27,591561
Ramamurthy Nagara,232429,231146,181021,102245,100972,66479,0.995,0.783,0.565,0.988,34467,0.341,0.286,9319066,7.22,130.58,526973
Kacharkanahalli,191730,190608,151235,100993,99607,65419,0.994,0.793,0.668,0.986,34157,0.343,0.341,8339738,6.79,123.42,468312
New Bayappanahalli,254107,252254,209679,108901,107300,65408,0.993,0.831,0.519,0.985,41874,0.39,0.257,8828102,6.72,121.67,495902
Uttarahalli,186490,185055,140087,98160,95735,65255,0.992,0.757,0.701,0.975,30463,0.318,0.35,8320142,7.63,135.69,473598
Begur,265563,263194,209042,106436,104409,65013,0.991,0.794,0.509,0.981,39383,0.377,0.245,10898601,9.51,165.47,632169
Kaval Bairasandra,193601,192567,152405,97995,96136,63841,0.995,0.791,0.643,0.981,32275,0.336,0.33,8533133,6.86,124.91,483576
Malleswaram,166854,165380,122220,93842,91944,63512,0.991,0.739,0.768,0.98,28406,0.309,0.381,7687376,6.73,120.55,436550
Varthuru,402250,390539,324590,105265,103606,62888,0.971,0.831,0.324,0.984,40705,0.393,0.156,12961411,10.96,190.49,759723
Hagadur,278239,274893,217235,104341,102653,62887,0.988,0.79,0.48,0.984,39751,0.387,0.226,11127797,8.77,153.23,643245
Padmanabha Nagar,158399,157105,120091,90719,88380,62331,0.992,0.764,0.755,0.974,26035,0.295,0.394,7340332,6.31,113.41,414667
Chamrajapet,200517,198991,150994,104756,102838,61777,0.992,0.759,0.694,0.982,41031,0.399,0.308,7786960,6.75,120.21,445176
Umamaheshwara Ward,164543,163007,125458,91960,89945,61347,0.991,0.77,0.733,0.978,28580,0.318,0.373,7419194,5.88,107.51,418110
Yelahanka Satellite Town,169746,168473,120260,96807,95135,61324,0.993,0.714,0.805,0.983,33788,0.355,0.361,9808967,8.69,149.5,577463
Anjanapura,181644,179006,135191,91485,88729,60694,0.986,0.755,0.677,0.97,28021,0.316,0.334,9140657,8.31,144.46,531947
Jayachamarajendra  Nagar,167767,166630,130339,90839,89181,60216,0.993,0.782,0.697,0.982,28949,0.325,0.359,7887322,6.65,120.71,447086
Jayamahal,199847,198600,154332,96533,95354,57697,0.994,0.777,0.625,0.988,37629,0.395,0.289,8178556,7.08,130.82,449166
Shettihalli,172369,170961,121801,87975,86145,56658,0.992,0.712,0.722,0.979,29465,0.342,0.329,7692274,7.57,131.12,450388
Lakkasandra,244683,242974,202937,96480,94954,56502,0.993,0.835,0.475,0.984,38431,0.405,0.231,7361671,6.97,126.23,413147
Dattatreya Temple,139810,138323,104347,81795,80384,56306,0.989,0.754,0.784,0.983,24051,0.299,0.403,7092611,6.58,118.04,404266
Medahalli,210416,208912,160872,89864,88720,56103,0.993,0.77,0.559,0.987,32596,0.367,0.267,9502663,8.86,157.11,552030
K R Puram,246849,245151,181931,96758,95586,55788,0.993,0.742,0.532,0.988,39775,0.416,0.226,8730663,8.15,144.68,501154
Garudachar Playa,233812,232336,191372,97957,96448,55750,0.994,0.824,0.512,0.985,40674,0.422,0.238,9038348,8.3,147.09,510788
Katriguppe,136402,135253,100769,81074,79166,55446,0.992,0.745,0.805,0.976,23701,0.299,0.406,6475234,6.52,117.47,366779
Devarachikkanahalli,226563,224459,181209,88766,87174,55262,0.991,0.807,0.49,0.982,31900,0.366,0.244,8343832,8.29,147.16,475621
Kempegowda Ward,223033,220550,158743,91311,89805,54974,0.989,0.72,0.575,0.984,34816,0.388,0.246,9949162,9.86,168.46,592827
Neelasandra,220700,219466,187313,90231,88979,54805,0.994,0.853,0.482,0.986,34144,0.384,0.248,6463739,5.83,110.57,352007
Kumaraswamy Layout,143853,142737,105455,82322,80684,54590,0.992,0.739,0.781,0.98,26080,0.323,0.38,6371132,6.39,114.23,358192
Thanisandra,155904,155006,113130,84772,82935,54435,0.994,0.73,0.749,0.978,28487,0.344,0.349,8798989,8.64,150.7,514432
Attiguppe,122277,121113,83123,74314,72200,52845,0.991,0.686,0.894,0.972,19332,0.268,0.432,6467725,6.97,123.87,369824
Ramaswamy Palya,158326,157576,131163,78156,76894,52575,0.995,0.832,0.596,0.984,24304,0.316,0.332,6218113,6.07,112.24,344823
Sudham Nagara,207651,206119,168626,88531,86990,51838,0.993,0.818,0.525,0.983,35118,0.404,0.25,7147733,7.44,132.63,406732
Kanneshwara Rama,137753,136778,102151,76606,75289,50824,0.993,0.747,0.75,0.983,24444,0.325,0.369,6666800,7.24,126.82,383834
Gurappanapalya,219358,217350,175884,97073,95401,50729,0.991,0.809,0.552,0.983,44650,0.468,0.231,6598625,6.94,126.23,366661
Basavanapura,221845,220103,169213,83635,82367,50465,0.992,0.769,0.494,0.985,31894,0.387,0.228,8871533,9.62,168.17,516880
Kudlu,236803,234065,197098,81672,80368,50108,0.988,0.842,0.414,0.984,30253,0.376,0.212,8378598,9.02,159.12,480351
Sir M. Vishweshwaraiah,118310,117288,78883,70564,68993,49703,0.991,0.673,0.895,0.978,19275,0.279,0.42,7042823,7.65,131.9,416894
Mattikere,127532,126489,91822,74048,72560,49681,0.992,0.726,0.806,0.98,22863,0.315,0.39,6240282,6.83,121.59,355613
Someshwara Ward,135715,134750,93900,74919,73572,49328,0.993,0.697,0.798,0.982,24230,0.329,0.364,8645725,9.86,167.44,516119
Kuvempunagar,146326,145244,105110,75973,74164,49239,0.993,0.724,0.723,0.976,24917,0.336,0.337,7473265,8.65,148.64,440698
Someshwara Nagar,202532,201374,160896,84826,83617,48356,0.994,0.799,0.527,0.986,35234,0.421,0.239,6948587,7.55,133.6,398478
Nalvadi Krishnaraja Wadior Park,115514,114506,75953,68469,66856,48127,0.991,0.663,0.901,0.976,18727,0.28,0.417,7063617,8.19,140.92,418340
Vishwanath Nagenahalli,154030,153201,118304,73656,72720,47891,0.995,0.772,0.623,0.987,24812,0.341,0.311,6530937,6.53,119.33,370828
HAL Airport,211250,209175,169890,75050,74006,47030,0.99,0.812,0.442,0.986,26966,0.364,0.223,7494305,8.55,151.55,428553
Vikram Nagar,119772,118755,89035,66520,64768,45251,0.992,0.75,0.747,0.974,19502,0.301,0.378,5800764,7.24,129.76,330132
Dodda Bommasandra,133094,132125,96560,68415,67164,44788,0.993,0.731,0.709,0.982,22363,0.333,0.337,6400370,8.04,140.8,373067
Hanumanth Nagar,111343,110436,78939,63637,62055,44418,0.992,0.715,0.806,0.975,17619,0.284,0.399,5196937,6.75,118.14,294931
Rajamahal Guttahalli,117569,116512,90080,64358,63260,44403,0.991,0.773,0.715,0.983,18841,0.298,0.378,5386551,6.3,113.9,304299
Gottigere,122130,121067,86790,66013,64702,44306,0.991,0.717,0.761,0.98,20384,0.315,0.363,6970268,9.04,155.56,405976
Okalipuram,138471,137027,105136,78599,77551,44243,0.99,0.767,0.748,0.987,33277,0.429,0.319,6159044,6.79,122.73,345240
Bande Mutt,148773,147190,93694,68336,66875,43599,0.989,0.637,0.729,0.979,23253,0.348,0.293,6521990,8.47,149.11,383759
Hosakerehalli,117622,116813,85572,69348,67711,43458,0.993,0.733,0.81,0.976,24243,0.358,0.37,5569815,7.32,129.03,321161
Sriramamandir,103115,102017,73067,62026,60894,43222,0.989,0.716,0.849,0.982,17655,0.29,0.419,5402455,6.58,117.45,311932
Chokkasandra,151979,151264,115735,74256,73111,43081,0.995,0.765,0.642,0.985,30011,0.41,0.283,4369042,5.01,96.47,237432
Tilak Nagar,165973,164860,135480,73314,71905,42761,0.993,0.822,0.541,0.981,29125,0.405,0.258,5238333,6.98,126.96,289803
Manorayanapalya,138726,137934,105934,67224,65761,42741,0.994,0.768,0.635,0.978,23005,0.35,0.308,5769512,7.13,128.85,326215
Srinagar,100697,99704,70561,59450,58086,41921,0.99,0.708,0.843,0.977,16144,0.278,0.416,5044899,6.68,118.81,289196
Kengeri,108258,107446,68375,57488,56271,39618,0.993,0.636,0.841,0.979,16645,0.296,0.366,6105084,8.4,144.76,362715
Marappana Palya,118135,117071,75583,62138,60885,39411,0.991,0.646,0.822,0.98,21463,0.353,0.334,5033661,6.87,122.99,287228
Hampi Nagar,95276,94422,65398,57118,55601,39198,0.991,0.693,0.873,0.973,16380,0.295,0.411,4996931,6.72,120.11,287236
Ullal,99172,98336,64672,56247,54815,39147,0.992,0.658,0.87,0.975,15658,0.286,0.395,6139405,9.6,162.23,367154
Naganathapura,171381,169665,131681,66576,65568,38620,0.99,0.776,0.506,0.985,26938,0.411,0.225,7416872,10.4,179.22,436687
Kamakya Nagar,109692,108757,82046,58708,57518,38541,0.992,0.754,0.715,0.98,18968,0.33,0.351,4704595,6.01,109.83,265949
Mangammanapalya,154378,152837,122653,67435,66180,38343,0.99,0.803,0.55,0.981,27818,0.42,0.248,5773897,7.84,140.92,325690
Doddagollarahatti,98783,97839,61840,54233,53145,38065,0.99,0.632,0.877,0.98,15069,0.283,0.385,6148958,9,151.89,369997
T Dasarahalli,116879,116132,81881,62233,61128,37945,0.994,0.705,0.76,0.982,23152,0.379,0.325,4428407,6.41,115.27,248636
Vidyapeeta ward,98218,97305,72769,57004,55960,37832,0.991,0.748,0.783,0.982,18111,0.324,0.385,4405252,6.19,112.18,247727
Chamundi Nagara,109038,108468,82395,56986,56063,37616,0.995,0.76,0.692,0.984,18434,0.329,0.345,4634638,5.79,108.06,258432
Atturu Layout,106263,105338,71258,55686,54548,37150,0.991,0.676,0.781,0.98,17385,0.319,0.35,6254460,9,169.54,372076
J P Park,107208,106388,77661,55905,54791,37081,0.992,0.73,0.72,0.98,17699,0.323,0.346,4936530,6.65,119.43,284992
Nagarabhavi,87574,86839,60510,52907,51678,36747,0.992,0.697,0.874,0.977,14920,0.289,0.42,5050626,7.73,134.74,295639
Marenahalli,83523,82785,56507,51111,49970,36141,0.991,0.683,0.905,0.978,13815,0.277,0.433,4340983,7.04,124.1,248263
Dr. Raj Kumar Ward,89477,88660,61954,52508,51412,35829,0.991,0.699,0.848,0.979,15561,0.303,0.4,4510924,7.15,126.07,257641
Jaraganahalli,110924,110009,85970,59511,58207,35674,0.992,0.781,0.692,0.978,22518,0.387,0.322,4062345,6.79,121.3,225413
Chickpete,185488,183645,150079,93173,92089,34980,0.99,0.817,0.621,0.988,57078,0.62,0.189,5808054,9.79,167.33,340988
Gali Anjenaya Temple ward,104178,103308,65657,55007,54258,34405,0.992,0.636,0.838,0.986,19834,0.365,0.33,5059895,8.23,144.08,288389
Vannarapete,99365,98763,79376,50576,49797,33723,0.994,0.804,0.637,0.985,16070,0.323,0.339,4082537,6.51,117.94,227962
Kammanahalli,111511,110898,87583,55916,55260,33576,0.995,0.79,0.638,0.988,21666,0.392,0.301,4412131,6.67,121.53,248871
Defence Colony,113502,112831,80837,56497,55754,33207,0.994,0.716,0.699,0.987,22522,0.404,0.293,3857800,6.09,111.03,217101
Kushal Nagar,106911,106401,82697,52289,51701,32787,0.995,0.777,0.632,0.989,18908,0.366,0.307,4058575,6.48,118.28,227574
Rajaji Nagar,78766,78002,52276,46245,45396,32404,0.99,0.67,0.885,0.982,12979,0.286,0.411,4107176,6.26,112.33,235670
Bommanahalli,152618,151217,122893,55029,54175,32011,0.991,0.813,0.448,0.984,22152,0.409,0.21,4456835,7.35,132.21,249748
Vijinapura,125088,124310,95925,52300,51728,31626,0.994,0.772,0.545,0.989,20092,0.388,0.253,4521821,7.46,134.92,255491
Srinivasa Nagar,74452,73908,51573,43303,42504,31259,0.993,0.698,0.84,0.982,11234,0.264,0.42,3641236,6.62,117.91,207210
Agaram,140342,139281,113197,52499,51730,31096,0.992,0.813,0.464,0.985,20624,0.399,0.222,4144647,7.01,127.39,229317
Gayithri Nagar,77922,77120,52814,44397,43591,31052,0.99,0.685,0.841,0.982,12526,0.287,0.399,3714235,6.33,114.27,211782
Vijayanagara Krishnadevaraya,79830,79216,51953,45187,44220,30360,0.992,0.656,0.87,0.979,13851,0.313,0.38,4021673,7.41,127.94,235209
Kammagondanahalli,88813,88177,63366,44948,44183,30124,0.993,0.719,0.709,0.983,14051,0.318,0.339,4642293,8.44,144.22,274443
Veerabhadranagar,83820,83214,58885,46701,45797,29394,0.993,0.708,0.793,0.981,16390,0.358,0.351,3313096,6.11,109.13,186855
Bharathi Nagar,113705,113062,92076,52147,51610,28677,0.994,0.814,0.566,0.99,22911,0.444,0.252,3577300,6.35,116.49,197970
Yelachenahalli,92064,91284,68402,48782,47953,28465,0.992,0.749,0.713,0.983,19475,0.406,0.309,3543903,6.32,115.22,199914
Deen Dayalu Ward,86800,86185,60896,45429,44423,28289,0.993,0.707,0.746,0.978,16127,0.363,0.326,3487579,7.42,131.25,198272
Kadugondanahalli,94784,94377,71903,46635,45936,28083,0.996,0.762,0.649,0.985,17837,0.388,0.296,3474646,6.17,113.46,193981
Sagayarapuram,98658,98158,79329,46502,46108,28010,0.995,0.808,0.586,0.992,18086,0.392,0.284,3270499,5.85,108.3,178616
Chanakya,96377,95232,57457,46149,44733,27699,0.988,0.603,0.803,0.969,17027,0.381,0.287,3852559,7.52,136.38,221877
Shivanagara,64174,63577,43741,38676,37977,27691,0.991,0.688,0.884,0.982,10269,0.27,0.431,3383414,6.63,117.86,193984
Mahalakshimpuram,65516,64850,44936,39445,38745,27477,0.99,0.693,0.878,0.982,11250,0.29,0.419,3370934,6.53,116.34,193461
Basaveshwara Nagar,58527,57844,40053,36905,36131,27146,0.988,0.692,0.921,0.979,8976,0.248,0.464,3350801,7.74,132.38,194172
Vidyamanyanagar,75939,75319,48394,40083,38827,26581,0.992,0.643,0.828,0.969,12238,0.315,0.35,4253108,8.98,151.45,255355
Peenya,91034,90256,62590,46109,45149,26421,0.992,0.693,0.737,0.979,18711,0.414,0.29,3543467,7.85,138.3,206158
Chowdeswari Ward,90118,88903,60275,42773,41720,26194,0.987,0.678,0.71,0.975,15518,0.372,0.291,5313533,11.42,193.13,322290
Govindaraja Nagar,56479,55909,37517,34726,33936,25734,0.99,0.671,0.926,0.977,8195,0.241,0.456,3303480,6.92,122.15,192036
Maruthi Mandir ward,59573,59060,39759,36081,35073,25648,0.991,0.673,0.908,0.972,9417,0.269,0.43,3353990,7.65,133.05,194119
Kamakshipalya,57410,56844,38391,35243,34658,25365,0.99,0.675,0.918,0.983,9284,0.268,0.442,3263544,6.98,124.77,189598
Avalahalli,67045,66451,46911,38773,37890,24789,0.991,0.706,0.827,0.977,13090,0.345,0.37,3315008,7.5,132.55,189999
Banashankari Temple ward,85840,85171,60417,42008,41326,24423,0.992,0.709,0.695,0.984,16888,0.409,0.284,2598862,5.61,103.27,141898
Kadugodi,114762,113298,84957,40959,40210,24200,0.987,0.75,0.482,0.982,16001,0.398,0.211,4537344,8.91,155.22,267519
Bagalakunte,80540,80086,53963,37043,36470,23104,0.994,0.674,0.687,0.985,13344,0.366,0.287,3001387,6.12,112.39,173032
Hosahalli,55891,55379,38890,33599,32751,22777,0.991,0.702,0.864,0.975,9970,0.304,0.408,2891049,6.7,118.29,167216
Shankar Matt,53607,53055,36312,32452,31755,22594,0.99,0.684,0.894,0.979,9155,0.288,0.421,2747829,6.5,114.19,158582
Nelagadderanahalli,70269,69751,52684,33633,33005,20820,0.993,0.755,0.638,0.981,12173,0.369,0.296,2789659,7.24,125.97,162660
Dodda Bidarakallu,75747,75035,49346,34318,33515,20643,0.991,0.658,0.695,0.977,12864,0.384,0.273,3325375,8.39,144.62,198915
Vijayanagar,54745,54304,37527,30855,30132,20474,0.992,0.691,0.822,0.977,9645,0.32,0.374,2256693,5.67,102.67,126023
Prakash Nagar,50760,50320,34779,29499,28934,19727,0.991,0.691,0.848,0.981,9197,0.318,0.389,2317255,6.67,117.97,131028
Shakthi Ganapathi Nagar,45353,44976,30181,27389,26831,19527,0.992,0.671,0.908,0.98,7288,0.272,0.431,2448766,6.77,119.28,142028
Chandra Layout,50247,49912,34372,28748,28165,19187,0.993,0.689,0.836,0.98,8972,0.319,0.382,2456871,7.12,124.05,141833
Herohalli,47952,47600,29755,26798,26192,18276,0.993,0.625,0.901,0.977,7916,0.302,0.381,2724334,9.7,162.35,162105
Agrahara Dasarahalli,43027,42536,27331,25002,24554,18053,0.989,0.643,0.915,0.982,6496,0.265,0.42,2401294,7.51,127.94,139769
Puneet Rajkumar,45863,45416,30747,26816,26265,18033,0.99,0.677,0.872,0.979,8224,0.313,0.393,2148483,6.3,112.2,123322
Nandini Layout,44061,43724,30100,26165,25692,17747,0.992,0.688,0.869,0.982,7935,0.309,0.403,2203322,7.98,136.49,127506
Binnipete,59606,59100,43772,30868,30446,17157,0.992,0.741,0.705,0.986,13280,0.436,0.288,2173390,6.03,109.08,124006
Nagavara,68797,68313,48922,29950,29541,17006,0.993,0.716,0.612,0.986,12528,0.424,0.247,2128376,6.27,115.24,118358
Rajagopal Nagar,49249,48787,35227,25452,24943,16453,0.991,0.722,0.723,0.98,8483,0.34,0.334,2143115,6.57,116.78,124679
Ranadheera Kanteerava,46845,46412,30623,25551,24906,16164,0.991,0.66,0.834,0.975,8733,0.351,0.345,1933328,6.37,112.1,111080
Hongasandra,66045,65467,52043,27198,26768,15798,0.991,0.795,0.523,0.984,10964,0.41,0.239,2311899,7.83,141.91,131471
Cottonpete,67650,66994,50956,32826,32405,15118,0.99,0.761,0.644,0.987,17281,0.533,0.224,2035209,6.58,118.78,117399
Dayananda Nagar,35860,35491,25987,20503,20224,13486,0.99,0.732,0.789,0.986,6736,0.333,0.376,1487424,5.72,103.47,83810
Mudalapalya,34182,33913,21506,19335,18953,12984,0.992,0.634,0.899,0.98,5964,0.315,0.38,1622413,5.85,105.07,93384
Nayandahalli,41688,41360,27115,20901,20511,12926,0.992,0.656,0.771,0.981,7576,0.369,0.31,1826005,9.05,160.09,105622
Venkateshpura,53359,53147,41072,23750,23529,12897,0.996,0.773,0.578,0.991,10623,0.451,0.242,1453487,6.19,112.54,79501
Azad Nagar,39763,39483,28953,21302,20954,12675,0.993,0.733,0.736,0.984,8270,0.395,0.319,1532784,7.01,125.33,87562
Jai Maruthinagara,33022,32752,22329,19042,18500,12151,0.992,0.682,0.853,0.972,6338,0.343,0.368,1397378,5.52,100.04,79844
Sunkadakatte,34069,33799,21816,18322,17930,11471,0.992,0.645,0.84,0.979,6451,0.36,0.337,1485675,7,138.03,85935
Mallasandra,35455,35213,25485,17802,17359,11329,0.993,0.724,0.698,0.975,6028,0.347,0.319,1398636,6.89,121.69,80245
Veera Sindhura Lakshamana,33045,32761,21258,17405,17019,11116,0.991,0.649,0.819,0.978,5900,0.347,0.336,1359938,6.11,109.98,78414
Kaveripura,28034,27744,18644,15486,15239,9824,0.99,0.672,0.831,0.984,5412,0.355,0.35,1313810,7.12,123.67,76749
Hegganahalli,29838,29557,19390,15783,15383,9628,0.991,0.656,0.814,0.975,5750,0.374,0.323,1261951,8.58,149.67,73342
Vrisabhavathi Nagar,27199,26940,17322,14909,14631,9475,0.991,0.643,0.861,0.981,5149,0.352,0.348,1145896,6.27,110.72,65907
Rajeshwari Nagar,28779,28581,18659,14870,14391,9020,0.993,0.653,0.797,0.968,5365,0.373,0.313,1082889,6.25,112,62331
Muneshwara Nagar,34615,34416,25294,15178,15016,8025,0.994,0.735,0.6,0.989,6985,0.465,0.232,967405,6.62,122.02,53837
Jagajivanaram Nagar,26740,26526,19388,13672,13471,6957,0.992,0.731,0.705,0.985,6512,0.483,0.26,932470,9.07,155.48,53891
Lakshmi Devi Nagar,19623,19467,12660,10597,10356,6580,0.992,0.65,0.837,0.977,3774,0.364,0.335,784021,7.66,133.48,44959
S K Garden,28317,28182,21614,11877,11800,6492,0.995,0.767,0.549,0.994,5305,0.45,0.229,817438,7.25,132.63,45511
Chalavadipalya,23758,23618,17271,11491,11350,6328,0.994,0.731,0.665,0.988,5013,0.442,0.266,814489,6.59,121.66,46499
Padarayanapura,20946,20772,14648,10189,9934,5098,0.992,0.705,0.696,0.975,4830,0.486,0.243,711850,8.93,157.83,40182
Bapuji Nagar,18887,18768,12466,9740,9629,5074,0.994,0.664,0.781,0.989,4552,0.473,0.269,634454,6.99,128.51,36059
Kempapura Agrahara,16628,16463,11059,8049,7934,4452,0.99,0.672,0.728,0.986,3479,0.439,0.268,520021,6.26,112.07,29348
Devaraj Urs Nagar,17831,17746,12387,8865,8724,4040,0.995,0.698,0.716,0.984,4683,0.537,0.227,507415,5.45,97.72,28547
Devara Jeevanahalli,9611,9548,7245,3770,3730,1407,0.993,0.759,0.52,0.989,2323,0.623,0.146,190579,5.9,114,10687
Bangalore Total,67334064,66443051,52916372,30017755,29453513,18628581,0.987,0.796,0.567,0.981,10817296,0.367,0.277,2679910491,8.16,143.86,152007679
